Date,Canada,Chile,Mexico,Taiwan China,Hong Kong China,Japan,South Korea,Macao China,Maldives,Cambodia,Indonesia,Singapore,New Zealand,USA,Thailand,Turkey,Australia,Hawaii,Austria,Czech
2023M08,,,,,,,,,,,,,,,,,,,,
2023M09,,,,,,,,,,,,,,,,,,,,
2023M10,,,,,,,,,,,,,,,,,,,,
2023M11,,,,,,,,,,,,,,,,,,,,
2023M12,,,,,,,,,,,,,,,,,,,,
2024M01,,,,,,,,,,,,,,,,,,,,
2024M02,,,,,,,,,,,,,,,,,,,,
2024M03,,,,,,,,,,,,,,,,,,,,
2024M04,,,,,,,,,,,,,,,,,,,,
2024M05,,,,,,,,,,,,,,,,,,,,
2024M06,,,,,,,,,,,,,,,,,,,,
2024M07,,,,,,,,,,,,,,,,,,,,
