Date,destination,point,lower80,upper80,lower95,upper95,model_label
2023M08,Canada,,,,,,
2023M08,Chile,,,,,,
2023M08,Mexico,,,,,,
2023M08,Taiwan China,,,,,,
2023M08,Hong Kong China,,,,,,
2023M08,Japan,,,,,,
2023M08,South Korea,,,,,,
2023M08,Macao China,,,,,,
2023M08,Maldives,,,,,,
2023M08,Cambodia,,,,,,
2023M08,Indonesia,,,,,,
2023M08,Singapore,,,,,,
2023M08,New Zealand,,,,,,
2023M08,USA,,,,,,
2023M08,Thailand,,,,,,
2023M08,Turkey,,,,,,
2023M08,Australia,,,,,,
2023M08,Hawaii,,,,,,
2023M08,Austria,,,,,,
2023M08,Czech,,,,,,
2023M09,Canada,,,,,,
2023M09,Chile,,,,,,
2023M09,Mexico,,,,,,
2023M09,Taiwan China,,,,,,
2023M09,Hong Kong China,,,,,,
2023M09,Japan,,,,,,
2023M09,South Korea,,,,,,
2023M09,Macao China,,,,,,
2023M09,Maldives,,,,,,
2023M09,Cambodia,,,,,,
2023M09,Indonesia,,,,,,
2023M09,Singapore,,,,,,
2023M09,New Zealand,,,,,,
2023M09,USA,,,,,,
2023M09,Thailand,,,,,,
2023M09,Turkey,,,,,,
2023M09,Australia,,,,,,
2023M09,Hawaii,,,,,,
2023M09,Austria,,,,,,
2023M09,Czech,,,,,,
2023M10,Canada,,,,,,
2023M10,Chile,,,,,,
2023M10,Mexico,,,,,,
2023M10,Taiwan China,,,,,,
2023M10,Hong Kong China,,,,,,
2023M10,Japan,,,,,,
2023M10,South Korea,,,,,,
2023M10,Macao China,,,,,,
2023M10,Maldives,,,,,,
2023M10,Cambodia,,,,,,
2023M10,Indonesia,,,,,,
2023M10,Singapore,,,,,,
2023M10,New Zealand,,,,,,
2023M10,USA,,,,,,
2023M10,Thailand,,,,,,
2023M10,Turkey,,,,,,
2023M10,Australia,,,,,,
2023M10,Hawaii,,,,,,
2023M10,Austria,,,,,,
2023M10,Czech,,,,,,
2023M11,Canada,,,,,,
2023M11,Chile,,,,,,
2023M11,Mexico,,,,,,
2023M11,Taiwan China,,,,,,
2023M11,Hong Kong China,,,,,,
2023M11,Japan,,,,,,
2023M11,South Korea,,,,,,
2023M11,Macao China,,,,,,
2023M11,Maldives,,,,,,
2023M11,Cambodia,,,,,,
2023M11,Indonesia,,,,,,
2023M11,Singapore,,,,,,
2023M11,New Zealand,,,,,,
2023M11,USA,,,,,,
2023M11,Thailand,,,,,,
2023M11,Turkey,,,,,,
2023M11,Australia,,,,,,
2023M11,Hawaii,,,,,,
2023M11,Austria,,,,,,
2023M11,Czech,,,,,,
2023M12,Canada,,,,,,
2023M12,Chile,,,,,,
2023M12,Mexico,,,,,,
2023M12,Taiwan China,,,,,,
2023M12,Hong Kong China,,,,,,
2023M12,Japan,,,,,,
2023M12,South Korea,,,,,,
2023M12,Macao China,,,,,,
2023M12,Maldives,,,,,,
2023M12,Cambodia,,,,,,
2023M12,Indonesia,,,,,,
2023M12,Singapore,,,,,,
2023M12,New Zealand,,,,,,
2023M12,USA,,,,,,
2023M12,Thailand,,,,,,
2023M12,Turkey,,,,,,
2023M12,Australia,,,,,,
2023M12,Hawaii,,,,,,
2023M12,Austria,,,,,,
2023M12,Czech,,,,,,
2024M01,Canada,,,,,,
2024M01,Chile,,,,,,
2024M01,Mexico,,,,,,
2024M01,Taiwan China,,,,,,
2024M01,Hong Kong China,,,,,,
2024M01,Japan,,,,,,
2024M01,South Korea,,,,,,
2024M01,Macao China,,,,,,
2024M01,Maldives,,,,,,
2024M01,Cambodia,,,,,,
2024M01,Indonesia,,,,,,
2024M01,Singapore,,,,,,
2024M01,New Zealand,,,,,,
2024M01,USA,,,,,,
2024M01,Thailand,,,,,,
2024M01,Turkey,,,,,,
2024M01,Australia,,,,,,
2024M01,Hawaii,,,,,,
2024M01,Austria,,,,,,
2024M01,Czech,,,,,,
2024M02,Canada,,,,,,
2024M02,Chile,,,,,,
2024M02,Mexico,,,,,,
2024M02,Taiwan China,,,,,,
2024M02,Hong Kong China,,,,,,
2024M02,Japan,,,,,,
2024M02,South Korea,,,,,,
2024M02,Macao China,,,,,,
2024M02,Maldives,,,,,,
2024M02,Cambodia,,,,,,
2024M02,Indonesia,,,,,,
2024M02,Singapore,,,,,,
2024M02,New Zealand,,,,,,
2024M02,USA,,,,,,
2024M02,Thailand,,,,,,
2024M02,Turkey,,,,,,
2024M02,Australia,,,,,,
2024M02,Hawaii,,,,,,
2024M02,Austria,,,,,,
2024M02,Czech,,,,,,
2024M03,Canada,,,,,,
2024M03,Chile,,,,,,
2024M03,Mexico,,,,,,
2024M03,Taiwan China,,,,,,
2024M03,Hong Kong China,,,,,,
2024M03,Japan,,,,,,
2024M03,South Korea,,,,,,
2024M03,Macao China,,,,,,
2024M03,Maldives,,,,,,
2024M03,Cambodia,,,,,,
2024M03,Indonesia,,,,,,
2024M03,Singapore,,,,,,
2024M03,New Zealand,,,,,,
2024M03,USA,,,,,,
2024M03,Thailand,,,,,,
2024M03,Turkey,,,,,,
2024M03,Australia,,,,,,
2024M03,Hawaii,,,,,,
2024M03,Austria,,,,,,
2024M03,Czech,,,,,,
2024M04,Canada,,,,,,
2024M04,Chile,,,,,,
2024M04,Mexico,,,,,,
2024M04,Taiwan China,,,,,,
2024M04,Hong Kong China,,,,,,
2024M04,Japan,,,,,,
2024M04,South Korea,,,,,,
2024M04,Macao China,,,,,,
2024M04,Maldives,,,,,,
2024M04,Cambodia,,,,,,
2024M04,Indonesia,,,,,,
2024M04,Singapore,,,,,,
2024M04,New Zealand,,,,,,
2024M04,USA,,,,,,
2024M04,Thailand,,,,,,
2024M04,Turkey,,,,,,
2024M04,Australia,,,,,,
2024M04,Hawaii,,,,,,
2024M04,Austria,,,,,,
2024M04,Czech,,,,,,
2024M05,Canada,,,,,,
2024M05,Chile,,,,,,
2024M05,Mexico,,,,,,
2024M05,Taiwan China,,,,,,
2024M05,Hong Kong China,,,,,,
2024M05,Japan,,,,,,
2024M05,South Korea,,,,,,
2024M05,Macao China,,,,,,
2024M05,Maldives,,,,,,
2024M05,Cambodia,,,,,,
2024M05,Indonesia,,,,,,
2024M05,Singapore,,,,,,
2024M05,New Zealand,,,,,,
2024M05,USA,,,,,,
2024M05,Thailand,,,,,,
2024M05,Turkey,,,,,,
2024M05,Australia,,,,,,
2024M05,Hawaii,,,,,,
2024M05,Austria,,,,,,
2024M05,Czech,,,,,,
2024M06,Canada,,,,,,
2024M06,Chile,,,,,,
2024M06,Mexico,,,,,,
2024M06,Taiwan China,,,,,,
2024M06,Hong Kong China,,,,,,
2024M06,Japan,,,,,,
2024M06,South Korea,,,,,,
2024M06,Macao China,,,,,,
2024M06,Maldives,,,,,,
2024M06,Cambodia,,,,,,
2024M06,Indonesia,,,,,,
2024M06,Singapore,,,,,,
2024M06,New Zealand,,,,,,
2024M06,USA,,,,,,
2024M06,Thailand,,,,,,
2024M06,Turkey,,,,,,
2024M06,Australia,,,,,,
2024M06,Hawaii,,,,,,
2024M06,Austria,,,,,,
2024M06,Czech,,,,,,
2024M07,Canada,,,,,,
2024M07,Chile,,,,,,
2024M07,Mexico,,,,,,
2024M07,Taiwan China,,,,,,
2024M07,Hong Kong China,,,,,,
2024M07,Japan,,,,,,
2024M07,South Korea,,,,,,
2024M07,Macao China,,,,,,
2024M07,Maldives,,,,,,
2024M07,Cambodia,,,,,,
2024M07,Indonesia,,,,,,
2024M07,Singapore,,,,,,
2024M07,New Zealand,,,,,,
2024M07,USA,,,,,,
2024M07,Thailand,,,,,,
2024M07,Turkey,,,,,,
2024M07,Australia,,,,,,
2024M07,Hawaii,,,,,,
2024M07,Austria,,,,,,
2024M07,Czech,,,,,,
